precision,recall
0.0625,1.0
0.10619898950641275,0.424795958025651
0.024096385542168676,0.024096385542168676
1.0,0.0
